date,cp
2010/1/4,3535.229
2010/1/5,3564.038
2010/1/6,3541.727
2010/1/7,3471.456
2010/1/8,3480.13
2010/1/11,3482.052
2010/1/12,3534.916
2010/1/13,3421.144
2010/1/14,3469.051
2010/1/15,3482.738
2010/1/18,3500.684
2010/1/19,3507.482
2010/1/20,3394.434
2010/1/21,3408.574
2010/1/22,3366.197
2010/1/25,3328.014
2010/1/26,3242.797
2010/1/27,3198.566
2010/1/28,3206.57
2010/1/29,3204.155
2010/2/1,3152.707
2010/2/2,3146.189
2010/2/3,3230.715
2010/2/4,3218.802
2010/2/5,3153.087
2010/2/8,3150.988
2010/2/9,3169.19
2010/2/10,3214.13
2010/2/11,3220.398
2010/2/12,3251.278
2010/2/22,3233.345
2010/2/23,3198.634
2010/2/24,3244.483
2010/2/25,3292.128
2010/2/26,3281.666
2010/3/1,3324.423
2010/3/2,3311.236
2010/3/3,3335.081
2010/3/4,3250.573
2010/3/5,3259.764
2010/3/8,3286.178
2010/3/9,3305.863
2010/3/10,3279.694
2010/3/11,3276.705
2010/3/12,3233.126
2010/3/15,3183.183
2010/3/16,3203.971
2010/3/17,3273.916
2010/3/18,3267.555
2010/3/19,3293.871
2010/3/22,3302.628
2010/3/23,3275.573
2010/3/24,3276.669
2010/3/25,3229.128
2010/3/26,3275.002
2010/3/29,3358.54
2010/3/30,3366.708
2010/3/31,3345.607
2010/4/1,3391.935
2010/4/2,3407.346
2010/4/6,3405.145
2010/4/7,3386.949
2010/4/8,3346.744
2010/4/9,3379.17
2010/4/12,3351.478
2010/4/13,3391.716
2010/4/14,3403.707
2010/4/15,3394.574
2010/4/16,3356.332
2010/4/19,3176.423
2010/4/20,3173.374
2010/4/21,3236.679
2010/4/22,3201.541
2010/4/23,3190.003
2010/4/26,3171.997
2010/4/27,3108.409
2010/4/28,3097.353
2010/4/29,3060.064
2010/4/30,3067.365
2010/5/4,3019.449
2010/5/5,3036.394
2010/5/6,2896.856
2010/5/7,2836.789
2010/5/10,2858.233
2010/5/11,2800.817
2010/5/12,2818.16
2010/5/13,2886.911
2010/5/14,2868.023
2010/5/17,2714.715
2010/5/18,2771.348
2010/5/19,2762.174
2010/5/20,2726.022
2010/5/21,2768.791
2010/5/24,2873.469
2010/5/25,2813.943
2010/5/26,2813.944
2010/5/27,2859.979
2010/5/28,2850.302
2010/5/31,2773.264
2010/6/1,2744.162
2010/6/2,2757.527
2010/6/3,2736.076
2010/6/4,2744.391
2010/6/7,2695.715
2010/6/8,2699.336
2010/6/9,2782.133
2010/6/10,2750.023
2010/6/11,2758.866
2010/6/17,2742.733
2010/6/18,2696.166
2010/6/21,2780.663
2010/6/22,2783.72
2010/6/23,2758.495
2010/6/24,2757.498
2010/6/25,2736.287
2010/6/28,2716.777
2010/6/29,2592.019
2010/6/30,2563.07
2010/7/1,2526.071
2010/7/2,2534.105
2010/7/5,2512.651
2010/7/6,2562.902
2010/7/7,2580.477
2010/7/8,2575.921
2010/7/9,2647.104
2010/7/12,2676.218
2010/7/13,2634.593
2010/7/14,2653.609
2010/7/15,2608.519
2010/7/16,2616.128
2010/7/19,2682.472
2010/7/20,2741.503
2010/7/21,2747.335
2010/7/22,2781.286
2010/7/23,2793.076
2010/7/26,2811.055
2010/7/27,2795.724
2010/7/28,2863.724
2010/7/29,2877.976
2010/7/30,2868.846
2010/8/2,2917.275
2010/8/3,2865.971
2010/8/4,2876.434
2010/8/5,2850.829
2010/8/6,2897.659
2010/8/9,2918.241
2010/8/10,2832.638
2010/8/11,2850.211
2010/8/12,2816.386
2010/8/13,2855.547
2010/8/16,2922.083
2010/8/17,2942.291
2010/8/18,2937.362
2010/8/19,2955.395
2010/8/20,2898.333
2010/8/23,2896.192
2010/8/24,2911.827
2010/8/25,2843.023
2010/8/26,2850.093
2010/8/27,2858.566
2010/8/30,2915.01
2010/8/31,2903.188
2010/9/1,2884.042
2010/9/2,2921.393
2010/9/3,2920.205
2010/9/6,2975.09
2010/9/7,2983.108
2010/9/8,2980.967
2010/9/9,2926.46
2010/9/10,2932.554
2010/9/13,2962.319
2010/9/14,2965.009
2010/9/15,2913.194
2010/9/16,2857.789
2010/9/17,2861.369
2010/9/20,2849.828
2010/9/21,2857.476
2010/9/27,2905.029
2010/9/28,2880.907
2010/9/29,2874.812
2010/9/30,2935.574
2010/10/8,3044.233
2010/10/11,3132.895
2010/10/12,3172.726
2010/10/13,3217.577
2010/10/14,3224.14
2010/10/15,3327.683
2010/10/18,3306.16
2010/10/19,3375.674
2010/10/20,3396.879
2010/10/21,3374.685
2010/10/22,3378.655
2010/10/25,3481.081
2010/10/26,3466.084
2010/10/27,3403.872
2010/10/28,3397.692
2010/10/29,3379.983
2010/11/1,3472.995
2010/11/2,3463.131
2010/11/3,3420.341
2010/11/4,3480.505
2010/11/5,3520.798
2010/11/8,3548.566
2010/11/9,3523.954
2010/11/10,3499.111
2010/11/11,3509.975
2010/11/12,3291.833
2010/11/15,3314.893
2010/11/16,3169.538
2010/11/17,3103.906
2010/11/18,3147.962
2010/11/19,3178.846
2010/11/22,3171.941
2010/11/23,3107.176
2010/11/24,3177.043
2010/11/25,3223.484
2010/11/26,3194.853
2010/11/29,3190.05
2010/11/30,3136.985
2010/12/1,3136.024
2010/12/2,3155.059
2010/12/3,3158.156
2010/12/6,3165.57
2010/12/7,3200.339
2010/12/8,3171.882
2010/12/9,3123.366
2010/12/10,3161.977
2010/12/13,3261.061
2010/12/14,3269.474
2010/12/15,3247.644
2010/12/16,3230.665
2010/12/17,3225.661
2010/12/20,3178.657
2010/12/21,3249.509
2010/12/22,3215.453
2010/12/23,3188.607
2010/12/24,3162.955
2010/12/27,3099.709
2010/12/28,3044.931
2010/12/29,3061.83
2010/12/30,3064.098
2010/12/31,3128.261
2011/1/4,3189.682
2011/1/5,3175.662
2011/1/6,3159.643
2011/1/7,3166.624
2011/1/10,3108.187
2011/1/11,3124.922
2011/1/12,3142.337
2011/1/13,3141.284
2011/1/14,3091.862
2011/1/17,2974.35
2011/1/18,2977.648
2011/1/19,3044.851
2011/1/20,2944.713
2011/1/21,2983.456
2011/1/24,2954.232
2011/1/25,2938.654
2011/1/26,2978.431
2011/1/27,3026.466
2011/1/28,3036.735
2011/1/31,3076.508
2011/2/1,3077.283
2011/2/9,3040.949
2011/2/10,3104.163
2011/2/11,3120.956
2011/2/14,3219.143
2011/2/15,3217.671
2011/2/16,3248.527
2011/2/17,3245.907
2011/2/18,3211.876
2011/2/21,3257.908
2011/2/22,3163.578
2011/2/23,3174.742
2011/2/24,3190.935
2011/2/25,3197.617
2011/2/28,3239.559
2011/3/1,3254.893
2011/3/2,3243.298
2011/3/3,3221.718
2011/3/4,3270.666
2011/3/7,3334.51
2011/3/8,3337.457
2011/3/9,3338.858
2011/3/10,3280.259
2011/3/11,3247.376
2011/3/14,3262.92
2011/3/15,3203.961
2011/3/16,3248.195
2011/3/17,3197.1
2011/3/18,3215.685
2011/3/21,3207.11
2011/3/22,3222.961
2011/3/23,3264.926
2011/3/24,3251.361
2011/3/25,3294.484
2011/3/28,3290.571
2011/3/29,3257.979
2011/3/30,3256.08
2011/3/31,3223.288
2011/4/1,3272.729
2011/4/6,3311.067
2011/4/7,3324.419
2011/4/8,3353.358
2011/4/11,3333.427
2011/4/12,3326.771
2011/4/13,3372.031
2011/4/14,3353.56
2011/4/15,3358.944
2011/4/18,3359.438
2011/4/19,3295.812
2011/4/20,3295.758
2011/4/21,3317.367
2011/4/22,3299.942
2011/4/25,3249.574
2011/4/26,3230.96
2011/4/27,3209.503
2011/4/28,3161.776
2011/4/29,3192.723
2011/5/3,3211.132
2011/5/4,3129.028
2011/5/5,3126.117
2011/5/6,3121.396
2011/5/9,3129.759
2011/5/10,3153.221
2011/5/11,3145.085
2011/5/12,3101.603
2011/5/13,3128.093
2011/5/16,3100.463
2011/5/17,3116.028
2011/5/18,3139.379
2011/5/19,3120.639
2011/5/20,3121.596
2011/5/23,3022.98
2011/5/24,3026.223
2011/5/25,2990.343
2011/5/26,2978.381
2011/5/27,2963.308
2011/5/30,2954.506
2011/5/31,3001.556
2011/6/1,3004.173
2011/6/2,2955.705
2011/6/3,2986.349
2011/6/7,3004.262
2011/6/8,3008.652
2011/6/9,2951.889
2011/6/10,2961.932
2011/6/13,2950.348
2011/6/14,2993.559
2011/6/15,2963.119
2011/6/16,2917.578
2011/6/17,2892.157
2011/6/20,2874.896
2011/6/21,2909.073
2011/6/22,2908.582
2011/6/23,2957.629
2011/6/24,3027.47
2011/6/27,3036.491
2011/6/28,3041.734
2011/6/29,3000.169
2011/6/30,3044.089
2011/7/1,3049.745
2011/7/4,3121.98
2011/7/5,3122.5
2011/7/6,3113.712
2011/7/7,3101.68
2011/7/8,3109.183
2011/7/11,3113.206
2011/7/12,3056.905
2011/7/13,3106.247
2011/7/14,3115.745
2011/7/15,3128.889
2011/7/18,3122.6
2011/7/19,3095.125
2011/7/20,3091.567
2011/7/21,3059.139
2011/7/22,3067.985
2011/7/25,2968.289
2011/7/26,2977.766
2011/7/27,3000.052
2011/7/28,2981.002
2011/7/29,2972.079
2011/8/1,2977.721
2011/8/2,2956.383
2011/8/3,2954.87
2011/8/4,2960.309
2011/8/5,2897.417
2011/8/8,2793.897
2011/8/9,2798.19
2011/8/10,2824.12
2011/8/11,2866.924
2011/8/12,2875.365
2011/8/15,2917.883
2011/8/16,2897.581
2011/8/17,2886.013
2011/8/18,2834.254
2011/8/19,2807.664
2011/8/22,2777.787
2011/8/23,2821.003
2011/8/24,2810.016
2011/8/25,2903.837
2011/8/26,2901.216
2011/8/29,2852.809
2011/8/30,2841.74
2011/8/31,2846.776
2011/9/1,2834.535
2011/9/2,2803.854
2011/9/5,2743.817
2011/9/6,2723.303
2011/9/7,2779.09
2011/9/8,2756.105
2011/9/9,2751.095
2011/9/13,2720.283
2011/9/14,2733.108
2011/9/15,2729.051
2011/9/16,2733.987
2011/9/19,2679.27
2011/9/20,2689.845
2011/9/21,2771.011
2011/9/22,2685.688
2011/9/23,2669.478
2011/9/26,2610.919
2011/9/27,2637.879
2011/9/28,2610.59
2011/9/29,2588.185
2011/9/30,2581.351
2011/10/10,2557.082
2011/10/11,2551.994
2011/10/12,2644.758
2011/10/13,2662.601
2011/10/14,2653.782
2011/10/17,2666.951
2011/10/18,2592.209
2011/10/19,2583.081
2011/10/20,2520.532
2011/10/21,2507.877
2011/10/24,2576.669
2011/10/25,2625.425
2011/10/26,2651.652
2011/10/27,2657.478
2011/10/28,2709.017
2011/10/31,2695.307
2011/11/1,2697.534
2011/11/2,2742.39
2011/11/3,2744.301
2011/11/4,2763.746
2011/11/7,2736.248
2011/11/8,2727.71
2011/11/9,2751.654
2011/11/10,2699.588
2011/11/11,2695.002
2011/11/14,2750.195
2011/11/15,2744.68
2011/11/16,2670.116
2011/11/17,2662.017
2011/11/18,2606.495
2011/11/21,2609.687
2011/11/22,2609.475
2011/11/23,2584.011
2011/11/24,2588.915
2011/11/25,2569.973
2011/11/28,2573.321
2011/11/29,2608.569
2011/11/30,2521.52
2011/12/1,2583.613
2011/12/2,2557.311
2011/12/5,2521.385
2011/12/6,2516.341
2011/12/7,2528.228
2011/12/8,2525.001
2011/12/9,2503.461
2011/12/12,2477.692
2011/12/13,2421.928
2011/12/14,2397.48
2011/12/15,2340.788
2011/12/16,2390.129
2011/12/19,2384.408
2011/12/20,2377.073
2011/12/21,2339.108
2011/12/22,2341.335
2011/12/23,2359.159
2011/12/26,2335.702
2011/12/27,2305.035
2011/12/28,2307.928
2011/12/29,2311.361
2011/12/30,2345.742
2012/1/4,2298.753
2012/1/5,2276.385
2012/1/6,2290.601
2012/1/9,2368.57
2012/1/10,2447.349
2012/1/11,2435.608
2012/1/12,2435.219
2012/1/13,2394.334
2012/1/16,2345.649
2012/1/17,2460.601
2012/1/18,2422.189
2012/1/19,2468.35
2012/1/20,2504.086
2012/1/30,2460.72
2012/1/31,2464.26
2012/2/1,2428.994
2012/2/2,2486.238
2012/2/3,2506.09
2012/2/6,2504.322
2012/2/7,2457.954
2012/2/8,2528.236
2012/2/9,2529.231
2012/2/10,2533.624
2012/2/13,2531.981
2012/2/14,2522.107
2012/2/15,2549.607
2012/2/16,2536.074
2012/2/17,2537.086
2012/2/20,2540.706
2012/2/21,2562.453
2012/2/22,2597.476
2012/2/23,2606.256
2012/2/24,2648.017
2012/2/27,2656.573
2012/2/28,2662.463
2012/2/29,2634.143
2012/3/1,2633.345
2012/3/2,2679.934
2012/3/5,2662.698
2012/3/6,2621.052
2012/3/7,2603.005
2012/3/8,2635.791
2012/3/9,2664.302
2012/3/12,2654.402
2012/3/13,2681.073
2012/3/14,2605.106
2012/3/15,2585.546
2012/3/16,2623.52
2012/3/19,2630.013
2012/3/20,2584.445
2012/3/21,2587.793
2012/3/22,2583.747
2012/3/23,2552.94
2012/3/26,2555.442
2012/3/27,2547.143
2012/3/28,2474.9
2012/3/29,2443.122
2012/3/30,2454.899
2012/4/5,2512.832
2012/4/6,2519.83
2012/4/9,2495.146
2012/4/10,2519.788
2012/4/11,2520.036
2012/4/12,2570.436
2012/4/13,2580.454
2012/4/16,2574.044
2012/4/17,2541.883
2012/4/18,2599.908
2012/4/19,2596.056
2012/4/20,2626.839
2012/4/23,2606.038
2012/4/24,2604.866
2012/4/25,2625.99
2012/4/26,2631.487
2012/4/27,2626.157
2012/5/2,2683.487
2012/5/3,2691.518
2012/5/4,2715.879
2012/5/7,2717.778
2012/5/8,2709.116
2012/5/9,2657.514
2012/5/10,2657.214
2012/5/11,2636.917
2012/5/14,2615.534
2012/5/15,2617.374
2012/5/16,2574.647
2012/5/17,2613.942
2012/5/18,2573.976
2012/5/21,2587.231
2012/5/22,2627.525
2012/5/23,2616.869
2012/5/24,2595.26
2012/5/25,2573.103
2012/5/28,2614.689
2012/5/29,2650.854
2012/5/30,2642.258
2012/5/31,2632.042
2012/6/1,2632.998
2012/6/4,2559.026
2012/6/5,2558.842
2012/6/6,2557.401
2012/6/7,2542.184
2012/6/8,2524.329
2012/6/11,2558.265
2012/6/12,2540.178
2012/6/13,2580.636
2012/6/14,2560.421
2012/6/15,2568.054
2012/6/18,2581.212
2012/6/19,2558.621
2012/6/20,2552.611
2012/6/21,2512.185
2012/6/25,2456.518
2012/6/26,2454.915
2012/6/27,2447.195
2012/6/28,2425.729
2012/6/29,2461.612
2012/7/2,2465.238
2012/7/3,2468.721
2012/7/4,2464.919
2012/7/5,2430.37
2012/7/6,2472.614
2012/7/9,2416.036
2012/7/10,2406.706
2012/7/11,2425.572
2012/7/12,2449.181
2012/7/13,2450.633
2012/7/16,2399.731
2012/7/17,2414.201
2012/7/18,2414.335
2012/7/19,2424.322
2012/7/20,2398.455
2012/7/23,2365.431
2012/7/24,2375.992
2012/7/25,2360.083
2012/7/26,2347.488
2012/7/27,2349.108
2012/7/30,2335.793
2012/7/31,2332.922
2012/8/1,2358.651
2012/8/2,2334.882
2012/8/3,2353.737
2012/8/6,2385.611
2012/8/7,2388.873
2012/8/8,2389.795
2012/8/9,2411.7
2012/8/10,2399.751
2012/8/13,2351.931
2012/8/14,2357.016
2012/8/15,2331.615
2012/8/16,2319.67
2012/8/17,2313.476
2012/8/20,2301.788
2012/8/21,2313.703
2012/8/22,2295.586
2012/8/23,2302.199
2012/8/24,2275.677
2012/8/27,2228.204
2012/8/28,2238.411
2012/8/29,2214.814
2012/8/30,2211.37
2012/8/31,2204.868
2012/9/3,2228.369
2012/9/4,2204.407
2012/9/5,2199.875
2012/9/6,2217.823
2012/9/7,2317.179
2012/9/10,2326.666
2012/9/11,2311.89
2012/9/12,2320.071
2012/9/13,2298.461
2012/9/14,2315.542
2012/9/17,2258.705
2012/9/18,2235.239
2012/9/19,2246.236
2012/9/20,2195.951
2012/9/21,2199.063
2012/9/24,2215.516
2012/9/25,2210.154
2012/9/26,2184.891
2012/9/27,2251.717
2012/9/28,2293.106
2012/10/8,2270.054
2012/10/9,2320.157
2012/10/10,2324.117
2012/10/11,2302.533
2012/10/12,2304.531
2012/10/15,2294.857
2012/10/16,2298.162
2012/10/17,2300.803
2012/10/18,2336.077
2012/10/19,2332.47
2012/10/22,2341.592
2012/10/23,2312.077
2012/10/24,2307.779
2012/10/25,2291.239
2012/10/26,2247.907
2012/10/29,2235.854
2012/10/30,2239.882
2012/10/31,2254.82
2012/11/1,2297.884
2012/11/2,2306.774
2012/11/5,2301.88
2012/11/6,2292.206
2012/11/7,2287.505
2012/11/8,2245.405
2012/11/9,2240.924
2012/11/12,2251.848
2012/11/13,2212.44
2012/11/14,2223.11
2012/11/15,2193.623
2012/11/16,2177.24
2012/11/19,2174.985
2012/11/20,2164.881
2012/11/21,2194.896
2012/11/22,2177.546
2012/11/23,2192.676
2012/11/26,2175.599
2012/11/27,2150.638
2012/11/28,2129.161
2012/11/29,2115.676
2012/11/30,2139.661
2012/12/3,2108.85
2012/12/4,2131.473
2012/12/5,2207.878
2012/12/6,2203.602
2012/12/7,2246.757
2012/12/10,2271.046
2012/12/11,2258.5
2012/12/12,2267.767
2012/12/13,2242.635
2012/12/14,2355.865
2012/12/17,2366.7
2012/12/18,2368.12
2012/12/19,2371.109
2012/12/20,2384.816
2012/12/21,2372.002
2012/12/24,2381.217
2012/12/25,2448.395
2012/12/26,2457.619
2012/12/27,2444.594
2012/12/28,2480.049
2012/12/31,2522.952
2013/1/4,2524.409
2013/1/7,2535.985
2013/1/8,2525.33
2013/1/9,2526.126
2013/1/10,2530.569
2013/1/11,2483.23
2013/1/14,2577.725
2013/1/15,2595.856
2013/1/16,2577.092
2013/1/17,2552.758
2013/1/18,2595.439
2013/1/21,2610.898
2013/1/22,2596.898
2013/1/23,2607.456
2013/1/24,2582.755
2013/1/25,2571.674
2013/1/28,2651.863
2013/1/29,2675.866
2013/1/30,2688.711
2013/1/31,2686.882
2013/2/1,2743.324
2013/2/4,2748.028
2013/2/5,2771.675
2013/2/6,2775.844
2013/2/7,2759.87
2013/2/8,2771.725
2013/2/18,2737.471
2013/2/19,2685.606
2013/2/20,2702.635
2013/2/21,2610.549
2013/2/22,2596.604
2013/2/25,2604.96
2013/2/26,2567.595
2013/2/27,2594.677
2013/2/28,2673.327
2013/3/1,2668.836
2013/3/4,2545.715
2013/3/5,2622.807
2013/3/6,2650.202
2013/3/7,2619.479
2013/3/8,2606.927
2013/3/11,2592.372
2013/3/12,2555.615
2013/3/13,2527.486
2013/3/14,2534.273
2013/3/15,2539.873
2013/3/18,2502.493
2013/3/19,2525.097
2013/3/20,2610.174
2013/3/21,2614.988
2013/3/22,2618.308
2013/3/25,2613.097
2013/3/26,2575.05
2013/3/27,2583.53
2013/3/28,2499.302
2013/3/29,2495.083
2013/4/1,2493.187
2013/4/2,2486.391
2013/4/3,2483.547
2013/4/8,2472.299
2013/4/9,2489.43
2013/4/10,2485.309
2013/4/11,2477.876
2013/4/12,2462.112
2013/4/15,2436.818
2013/4/16,2459.592
2013/4/17,2458.473
2013/4/18,2464.851
2013/4/19,2533.827
2013/4/22,2530.67
2013/4/23,2449.471
2013/4/24,2495.579
2013/4/25,2467.875
2013/4/26,2447.306
2013/5/2,2449.639
2013/5/3,2492.912
2013/5/6,2525.983
2013/5/7,2529.938
2013/5/8,2542.798
2013/5/9,2527.794
2013/5/10,2540.836
2013/5/13,2530.768
2013/5/14,2493.338
2013/5/15,2506.925
2013/5/16,2552.709
2013/5/17,2592.048
2013/5/20,2609.607
2013/5/21,2614.853
2013/5/22,2618.034
2013/5/23,2582.849
2013/5/24,2597.228
2013/5/27,2599.587
2013/5/28,2644.359
2013/5/29,2642.561
2013/5/30,2634.323
2013/5/31,2606.426
2013/6/3,2602.623
2013/6/4,2565.666
2013/6/5,2560.539
2013/6/6,2527.845
2013/6/7,2484.16
2013/6/13,2399.937
2013/6/14,2416.771
2013/6/17,2403.839
2013/6/18,2418.745
2013/6/19,2400.765
2013/6/20,2321.466
2013/6/21,2317.394
2013/6/24,2171.21
2013/6/25,2165.421
2013/6/26,2168.297
2013/6/27,2160.735
2013/6/28,2200.639
2013/7/1,2213.317
2013/7/2,2221.984
2013/7/3,2203.828
2013/7/4,2221.979
2013/7/5,2226.849
2013/7/8,2163.619
2013/7/9,2162.669
2013/7/10,2224.065
2013/7/11,2326.688
2013/7/12,2275.373
2013/7/15,2307.297
2013/7/16,2317.848
2013/7/17,2282.836
2013/7/18,2245.328
2013/7/19,2190.478
2013/7/22,2202.189
2013/7/23,2265.845
2013/7/24,2249.151
2013/7/25,2237.683
2013/7/26,2224.008
2013/7/29,2175.97
2013/7/30,2189.388
2013/7/31,2193.021
2013/8/1,2245.364
2013/8/2,2247.263
2013/8/5,2278.329
2013/8/6,2293.641
2013/8/7,2280.623
2013/8/8,2276.782
2013/8/9,2286.01
2013/8/12,2352.794
2013/8/13,2359.068
2013/8/14,2349.08
2013/8/15,2321.576
2013/8/16,2304.144
2013/8/19,2331.43
2013/8/20,2312.465
2013/8/21,2308.589
2013/8/22,2303.932
2013/8/23,2286.929
2013/8/26,2335.616
2013/8/27,2340.881
2013/8/28,2328.056
2013/8/29,2318.311
2013/8/30,2313.91
2013/9/2,2320.344
2013/9/3,2354.502
2013/9/4,2350.699
2013/9/5,2341.735
2013/9/6,2357.782
2013/9/9,2440.609
2013/9/10,2474.894
2013/9/11,2482.889
2013/9/12,2507.455
2013/9/13,2488.902
2013/9/16,2478.39
2013/9/17,2427.322
2013/9/18,2432.51
2013/9/23,2472.288
2013/9/24,2443.885
2013/9/25,2429.03
2013/9/26,2384.443
2013/9/27,2394.971
2013/9/30,2409.037
2013/10/8,2441.811
2013/10/9,2453.583
2013/10/10,2429.317
2013/10/11,2468.508
2013/10/14,2472.542
2013/10/15,2467.517
2013/10/16,2421.371
2013/10/17,2413.33
2013/10/18,2426.054
2013/10/21,2471.322
2013/10/22,2445.891
2013/10/23,2418.491
2013/10/24,2400.511
2013/10/25,2368.559
2013/10/28,2365.954
2013/10/29,2372.053
2013/10/30,2407.471
2013/10/31,2373.718
2013/11/1,2384.96
2013/11/4,2380.454
2013/11/5,2383.769
2013/11/6,2353.568
2013/11/7,2340.552
2013/11/8,2307.945
2013/11/11,2315.889
2013/11/12,2340
2013/11/13,2288.116
2013/11/14,2304.501
2013/11/15,2350.734
2013/11/18,2428.903
2013/11/19,2412.163
2013/11/20,2424.85
2013/11/21,2409.989
2013/11/22,2397.962
2013/11/25,2388.629
2013/11/26,2387.416
2013/11/27,2414.481
2013/11/28,2439.53
2013/11/29,2438.944
2013/12/2,2418.788
2013/12/3,2442.784
2013/12/4,2475.135
2013/12/5,2468.197
2013/12/6,2452.287
2013/12/9,2450.872
2013/12/10,2453.322
2013/12/11,2412.763
2013/12/12,2410.015
2013/12/13,2406.639
2013/12/16,2367.923
2013/12/17,2356.376
2013/12/18,2357.226
2013/12/19,2332.41
2013/12/20,2278.136
2013/12/23,2284.602
2013/12/24,2288.248
2013/12/25,2305.11
2013/12/26,2265.334
2013/12/27,2303.478
2013/12/30,2299.458
2013/12/31,2330.026
2014/1/2,2321.978
2014/1/3,2290.779
2014/1/6,2238.637
2014/1/7,2238.001
2014/1/8,2241.911
2014/1/9,2222.221
2014/1/10,2204.851
2014/1/13,2193.679
2014/1/14,2212.846
2014/1/15,2208.941
2014/1/16,2211.844
2014/1/17,2178.488
2014/1/20,2165.993
2014/1/21,2187.41
2014/1/22,2243.796
2014/1/23,2231.889
2014/1/24,2245.678
2014/1/27,2215.919
2014/1/28,2219.855
2014/1/29,2227.781
2014/1/30,2202.45
2014/2/7,2212.483
2014/2/10,2267.534
2014/2/11,2285.562
2014/2/12,2291.246
2014/2/13,2279.554
2014/2/14,2295.575
2014/2/17,2311.647
2014/2/18,2282.442
2014/2/19,2308.656
2014/2/20,2287.436
2014/2/21,2264.294
2014/2/24,2214.509
2014/2/25,2157.909
2014/2/26,2163.405
2014/2/27,2154.108
2014/2/28,2178.971
2014/3/3,2190.37
2014/3/4,2184.273
2014/3/5,2163.976
2014/3/6,2173.634
2014/3/7,2168.358
2014/3/10,2097.787
2014/3/11,2108.661
2014/3/12,2114.134
2014/3/13,2140.333
2014/3/14,2122.836
2014/3/17,2143.038
2014/3/18,2138.133
2014/3/19,2120.87
2014/3/20,2086.967
2014/3/21,2158.798
2014/3/24,2176.554
2014/3/25,2174.44
2014/3/26,2171.047
2014/3/27,2155.707
2014/3/28,2151.965
2014/3/31,2146.305
2014/4/1,2163.115
2014/4/2,2180.727
2014/4/3,2165.008
2014/4/4,2185.472
2014/4/8,2237.316
2014/4/9,2238.62
2014/4/10,2273.761
2014/4/11,2270.666
2014/4/14,2268.613
2014/4/15,2229.463
2014/4/16,2232.526
2014/4/17,2224.803
2014/4/18,2224.479
2014/4/21,2187.248
2014/4/22,2196.795
2014/4/23,2194.668
2014/4/24,2190.474
2014/4/25,2167.826
2014/4/28,2134.969
2014/4/29,2158.47
2014/4/30,2158.659
2014/5/5,2156.47
2014/5/6,2157.328
2014/5/7,2137.316
2014/5/8,2135.496
2014/5/9,2133.911
2014/5/12,2180.054
2014/5/13,2174.852
2014/5/14,2172.372
2014/5/15,2144.084
2014/5/16,2145.952
2014/5/19,2115.143
2014/5/20,2115.771
2014/5/21,2135.905
2014/5/22,2130.868
2014/5/23,2148.414
2014/5/26,2155.976
2014/5/27,2147.28
2014/5/28,2169.352
2014/5/29,2155.164
2014/5/30,2156.464
2014/6/3,2149.918
2014/6/4,2128.274
2014/6/5,2150.602
2014/6/6,2134.716
2014/6/9,2134.281
2014/6/10,2161.268
2014/6/11,2160.766
2014/6/12,2153.41
2014/6/13,2176.242
2014/6/16,2191.855
2014/6/17,2169.674
2014/6/18,2160.239
2014/6/19,2126.907
2014/6/20,2136.729
2014/6/23,2134.11
2014/6/24,2144.821
2014/6/25,2133.371
2014/6/26,2149.076
2014/6/27,2150.258
2014/6/30,2165.118
2014/7/1,2164.559
2014/7/2,2170.867
2014/7/3,2180.192
2014/7/4,2178.695
2014/7/7,2176.289
2014/7/8,2180.473
2014/7/9,2148.71
2014/7/10,2142.847
2014/7/11,2148.009
2014/7/14,2171.758
2014/7/15,2174.976
2014/7/16,2170.868
2014/7/17,2157.068
2014/7/18,2164.144
2014/7/21,2166.295
2014/7/22,2192.698
2014/7/23,2197.833
2014/7/24,2237.015
2014/7/25,2260.454
2014/7/28,2323.897
2014/7/29,2331.369
2014/7/30,2322.011
2014/7/31,2350.251
2014/8/1,2329.402
2014/8/4,2375.62
2014/8/5,2369.353
2014/8/6,2363.221
2014/8/7,2327.457
2014/8/8,2331.134
2014/8/11,2365.349
2014/8/12,2357.052
2014/8/13,2358.901
2014/8/14,2335.945
2014/8/15,2360.635
2014/8/18,2374.562
2014/8/19,2374.768
2014/8/20,2366.14
2014/8/21,2354.244
2014/8/22,2365.364
2014/8/25,2342.863
2014/8/26,2324.092
2014/8/27,2327.595
2014/8/28,2311.278
2014/8/29,2338.287
2014/9/1,2355.317
2014/9/2,2386.46
2014/9/3,2408.838
2014/9/4,2426.224
2014/9/5,2449.259
2014/9/9,2445.224
2014/9/10,2432.433
2014/9/11,2423.454
2014/9/12,2438.358
2014/9/15,2437.189
2014/9/16,2388.765
2014/9/17,2401.326
2014/9/18,2408.664
2014/9/19,2425.211
2014/9/22,2378.92
2014/9/23,2399.462
2014/9/24,2441.864
2014/9/25,2436.965
2014/9/26,2437.201
2014/9/29,2447.799
2014/9/30,2450.988
2014/10/8,2478.383
2014/10/9,2481.955
2014/10/10,2466.789
2014/10/13,2454.946
2014/10/14,2446.562
2014/10/15,2463.874
2014/10/16,2444.395
2014/10/17,2441.732
2014/10/20,2454.711
2014/10/21,2433.391
2014/10/22,2418.641
2014/10/23,2395.936
2014/10/24,2390.706
2014/10/27,2368.832
2014/10/28,2416.653
2014/10/29,2451.384
2014/10/30,2468.925
2014/10/31,2508.325
2014/11/3,2512.548
2014/11/4,2513.172
2014/11/5,2503.448
2014/11/6,2506.067
2014/11/7,2502.153
2014/11/10,2565.73
2014/11/11,2558.612
2014/11/12,2594.318
2014/11/13,2579.75
2014/11/14,2581.093
2014/11/17,2567.101
2014/11/18,2541.416
2014/11/19,2537.223
2014/11/20,2537.099
2014/11/21,2583.455
2014/11/24,2649.258
2014/11/25,2685.561
2014/11/26,2723.018
2014/11/27,2754.49
2014/11/28,2808.819
2014/12/1,2819.812
2014/12/2,2923.94
2014/12/3,2967.549
2014/12/4,3104.351
2014/12/5,3124.885
2014/12/8,3252.881
2014/12/9,3106.913
2014/12/10,3221.546
2014/12/11,3183.012
2014/12/12,3193.227
2014/12/15,3217.228
2014/12/16,3303.402
2014/12/17,3360.598
2014/12/18,3345.927
2014/12/19,3383.167
2014/12/22,3394.481
2014/12/23,3324.924
2014/12/24,3230.385
2014/12/25,3335.419
2014/12/26,3445.839
2014/12/29,3455.455
2014/12/30,3457.554
2014/12/31,3533.705
